distance,myBulletPower,opponentAdvancingVelocity,opponentBackwardWall,opponentCurrentGuessFactor,opponentDistanceLast10,opponentForwardWall,opponentLateralVelocity,opponentTimeSinceLastDeceleration,type,guessFactor
362,1.99,2.26,0.58,0,71.97,0.91,7.67,28,HIT,-0.05
410,1.99,2.32,0.76,0.03,14.41,0.89,3.85,4,MISS,0.74
480,1.99,2,0.64,0.70,71.81,0.93,7.75,22,MISS,0.28
504,1.99,0.31,0.79,0.20,35.98,0.91,2.98,0,MISS,0.45
528,1.99,0.96,0.70,0.20,35.97,0.92,7.94,8,BULLETHITBULLET,0.26
523,1.99,1.15,0.81,0.35,21.38,0.90,2.77,3,MISS,-0.25
533,1.99,0,0.83,-0.38,35.99,0.85,0,2,MISS,0.78
546,1.99,0.56,0.78,0.25,59.93,0.92,3.96,0,HIT,0.45
557,1.99,0.17,0.72,0.63,71.81,0.89,8,14,MISS,-0.28
546,1.99,0,0.86,0.49,6,0.80,0,6,MISS,-0.79
518,1.99,1.09,0.70,0.04,30.98,0.94,7.42,7,MISS,1.00
537,1.99,2.20,0.71,-0.51,71.96,0.92,7.69,21,MISS,0.78
571,1.99,2.45,0.70,0.72,71.97,0.89,7.62,35,MISS,0.76
549,1.47,-0.29,0.82,0.65,59.96,0.79,1.98,0,MISS,0.78
536,1.36,-0.69,0.80,0.46,36,0.79,2.92,2,MISS,0.79
457,1.26,-4.37,0.65,0.61,71.69,0.69,6.70,16,MISS,0.30
385,1.10,2.51,0.44,-0.04,20.02,0.87,3.11,1,MISS,0.99
435,0.54,4.94,0.52,0.55,71.81,0.90,6.29,16,MISS,0.42
477,0.23,1.75,0.72,0.98,65.87,0.90,3.60,0,MISS,-0.43
465,0.22,0,0.78,0.42,0,0.83,0,9,MISS,-0.24
493,0.22,4.74,0.61,-0.28,43.97,0.82,6.45,21,MISS,-0.66
515,0.21,0.04,0.68,-0.36,7.93,0.92,5,5,HIT,0.78
525,0.21,2.56,0.64,-0.51,71.90,0.96,7.58,16,MISS,0.52
537,0.21,1.98,0.63,0.69,35.98,0.94,7.75,8,HIT,0.64
526,0.21,-0.63,0.80,0.51,11.99,0.90,1.90,2,MISS,0.31
499,0.21,-3.53,0.61,0.61,65.81,0.95,7.18,13,MISS,-0.70
567,0.21,3.83,0.63,-0.53,68.35,0.93,7.02,20,BULLETHITBULLET,0.77
504,0.22,1.63,0.80,0.39,6,0.90,2.52,9,MISS,0.41
596,0.21,-0.50,0.80,0.56,33.06,0.84,1.94,2,MISS,0.31
558,0.21,-0.43,0.81,0.13,22.68,0.89,2.46,2,MISS,-0.19
528,0.20,0.26,0.79,0.31,38.24,0.92,3.24,0,MISS,-0.40
525,0.10,0,0.82,-0.20,0,0.82,0,9,MISS,-0.20
518,0.10,-0.68,0.63,-0.24,43.67,0.96,7.97,20,MISS,-0.37
516,0.10,0.90,0.79,-0.37,6.06,0.91,2.86,5,MISS,0.45
529,0.10,0,0.81,-0.37,35.97,0.80,0,2,MISS,-0.32
528,0.10,-0.21,0.73,0.44,17,0.89,4,4,HIT,-0.30
534,0.10,0.03,0.64,-0.13,43.98,0.97,8,9,MISS,-0.63
596,0.10,3.04,0.61,-0.38,70.77,0.95,7.40,16,BULLETHITBULLET,0.78
543,0.10,0.94,0.79,-0.44,14.08,0.89,2.85,4,MISS,0.44
623,0.10,-1.33,0.80,0.57,21.96,0.82,2.69,3,MISS,-0.51
589,0.10,0.68,0.56,-0.10,47.34,0.94,7.97,9,MISS,0.20
338,1.99,4.64,0.58,0,71.91,0.89,6.52,30,MISS,-0.65
405,1.99,4.29,0.65,-0.20,43.53,0.88,6.75,9,MISS,0.06
469,1.99,-0.29,0.83,0.23,19.08,0.85,0.96,4,MISS,0.31
496,1.99,0,0.84,0.06,31,0.77,0,1,MISS,0.22
517,1.99,-2.57,0.75,0.25,19.46,0.74,5.56,6,MISS,0.40
541,1.99,-1.11,0.76,0.11,9.46,0.65,2.55,3,MISS,0.48
523,1.99,-2.59,0.71,0.28,36.93,0.52,7.34,7,MISS,-0.22
463,1.99,0,0.84,0.40,12,0.33,0,3,MISS,-0.71
461,1.99,1.49,0.46,0.10,28.02,0.94,6.84,7,MISS,1.00
489,1.99,-0.55,0.64,-0.51,71.79,0.91,7.98,21,MISS,0.48
477,1.99,-2.18,0.69,0.82,71.93,0.85,7.70,35,BULLETHITBULLET,0.29
456,1.99,1.93,0.64,0.60,10.07,0.89,3.50,4,MISS,0.06
467,1.99,-0.49,0.80,0.15,12.67,0.72,2.96,0,MISS,-0.04
482,1.76,0,0.67,-0.03,1,0.82,0,6,BULLETHITBULLET,0.81
477,1.99,0,0.64,0.02,0,0.84,0,11,MISS,0.46
477,1.76,-0.85,0.67,0.30,61.28,0.93,7.96,22,MISS,-0.63
479,1.63,3.32,0.72,0.08,20.52,0.88,5.59,6,HIT,0.76
516,1.50,2.45,0.69,-0.47,71.87,0.74,7.61,20,HIT,0.70
482,1.38,-4.94,0.67,0.68,50.44,0.55,6.30,8,MISS,-0.23
461,1.13,3.30,0.57,0.41,71.83,0.94,7.29,19,BULLETHITBULLET,0.65
401,1.99,2.76,0.23,0.37,10.86,0.86,2.90,4,MISS,0.87
461,1.05,-0.82,0.62,0.80,71.87,0.94,7.96,32,MISS,-0.32
454,1,0,0.81,0.09,0,0.81,0,8,MISS,-0.16
476,0.93,2.02,0.68,-0.24,50.95,0.86,5.65,2,MISS,-0.66
491,0.88,2.56,0.74,-0.26,16.86,0.91,4.29,6,MISS,0.31
539,0.83,2.83,0.65,-0.54,71.51,0.92,7.48,18,MISS,0.04
543,0.80,0.47,0.79,0.31,35.95,0.90,2.96,0,MISS,-0.28
563,0.95,0.08,0.80,-0.09,3,0.88,2,10,HIT,0.31
551,1.10,0.66,0.83,-0.13,12,0.90,1.89,2,BULLETHITBULLET,0.32
559,1.24,0,0.85,0.25,20.97,0.82,0,3,MISS,0.15
521,1.76,1.13,0.73,0.25,28,0.93,6.91,16,MISS,-0.19
536,1.76,0.04,0.73,0.22,12,0.93,5.75,6,MISS,0.10
524,1.75,0,0.84,-0.20,28,0.84,0,3,MISS,0.15
524,1.75,0,0.84,0.18,5,0.84,0,3,MISS,-0.35
522,1.75,-0.14,0.81,0.26,44.98,0.83,2,0,MISS,-0.73
525,1.75,0.10,0.69,-0.10,65.95,0.92,8,13,MISS,0.36
458,0.12,0,0.81,-0.73,35.99,0.81,0,2,MISS,0.27
443,0.12,0,0.79,0.38,0,0.79,0,13,MISS,0.87
453,0.12,2.28,0.59,0.28,43.99,0.96,7.67,26,BULLETHITBULLET,-0.75
472,0.10,2.03,0.61,0.82,71.90,0.96,7.74,37,MISS,0.74
495,0.10,0.05,0.81,0.31,28.98,0.88,1.50,1,MISS,1.00
499,0.10,0.26,0.54,0.66,63.77,0.96,8,12,MISS,0.95
502,0.10,-1.78,0.61,0.86,71.89,0.93,7.80,23,MISS,0.23
449,0.10,-2.86,0.56,0.89,71.96,0.87,7.47,34,MISS,-1.00
429,0.10,2.18,0.48,0.32,35.98,0.93,7.70,8,MISS,1.00
471,0.10,1.83,0.57,-1,71.96,0.97,7.79,19,MISS,0.51
492,0.10,-0.08,0.62,0.94,71.88,0.97,8,30,HIT,0.16
462,0.10,-1.17,0.72,0.14,14.25,0.87,4.60,5,BULLETHITBULLET,0.32
469,0.10,0.87,0.75,0.51,0.45,0.88,2.87,6,MISS,-0.70
500,0.10,0.13,0.80,0,19.65,0.90,2.50,2,MISS,0.61
471,0.10,0.90,0.72,0.05,3.87,0.91,4.28,4,MISS,1.00
478,0.10,2.22,0.60,0.49,71.31,0.95,7.69,15,MISS,0.65
502,0.10,0.47,0.61,0.90,68.67,0.95,7.99,5,MISS,-0.30
521,0.11,0.66,0.76,0.71,33.01,0.88,1.89,2,MISS,0.80
540,0.12,2.88,0.56,-0.12,65.79,0.94,7.46,13,MISS,0.31
559,0.11,0.41,0.71,0.75,62.72,0.94,4.98,1,MISS,-0.53
536,0.11,0.12,0.84,0.40,5,0.87,1,5,MISS,1.00
542,0.10,-0.49,0.63,-0.34,61.73,0.92,7.98,16,MISS,0.98
308,1.99,5.62,0.56,0,70.84,0.88,5.70,25,MISS,0.33
328,1.99,0,0.78,0.29,20,0.78,0,4,MISS,-0.50
303,1.99,0.78,0.60,-0.16,26.84,0.90,5.95,5,BULLETHITBULLET,0.03
343,1.99,1.05,0.70,0.41,29.96,0.89,3.86,4,MISS,-0.33
382,1.99,1.36,0.73,0.25,13.40,0.90,3.76,4,MISS,0.83
393,1.99,0.59,0.64,0.52,71.83,0.94,7.98,20,MISS,0.72
352,1.99,-0.42,0.77,0.33,17.96,0.79,1.95,2,HIT,0.75
382,1.99,1.55,0.73,0,6.31,0.89,3.69,4,HIT,0.71
388,1.99,4.01,0.54,-0.61,71.85,0.90,6.92,18,MISS,0.34
435,1.99,0,0.77,0.80,43.97,0.74,0,1,MISS,-0.17
457,1.99,0.44,0.76,-0.03,6.35,0.88,2.84,3,MISS,-0.19
443,1.99,0,0.82,0.12,3.75,0.71,0,6,MISS,0.25
416,1.99,-0.81,0.77,-0.19,56.80,0.68,1.83,0,MISS,-0.17
413,1.99,2.11,0.58,0.34,6.98,0.87,3.40,4,MISS,-0.34
434,1.76,-1.69,0.75,-0.22,4.63,0.65,3.63,6,HIT,0.68
361,1.07,-6.50,0.56,0.49,71.60,0.48,4.66,20,HIT,0.23
319,1.99,2.75,0.34,0.31,5.51,0.86,3.56,4,MISS,1.00
379,1.76,2.37,0.54,0.51,71.71,0.93,7.64,18,HIT,0.69
402,0.73,-1.11,0.61,1,68.81,0.94,6.91,1,MISS,0.29
409,1.76,0,0.73,0.29,31.87,0.80,0,1,HIT,0.12
436,1.76,0.83,0.74,0.14,26.80,0.90,3.91,3,MISS,-0.19
422,1.76,0.13,0.73,0,10,0.90,4,11,MISS,0.18
413,1.75,0,0.79,-0.20,6,0.82,0,6,MISS,-0.17
437,1.40,1.03,0.72,-0.04,29.84,0.87,4.89,1,MISS,-0.49
455,1.40,4.46,0.59,-0.02,39.70,0.91,6.64,8,MISS,0.31
486,1.40,1.35,0.78,-0.04,8.98,0.81,2.68,3,BULLETHITBULLET,0.85
512,1.75,0,0.83,0.32,39.97,0.82,0,0,MISS,-0.48
546,1.40,4.57,0.69,-0.41,71.90,0.81,6.56,16,MISS,-0.18
570,1.37,-0.52,0.68,-0.21,56.94,0.89,7.98,11,HIT,-0.31
569,1.20,0,0.83,-0.22,19,0.84,0,1,MISS,-0.44
557,0.10,0,0.79,-0.36,36,0.84,0,2,MISS,0.22
526,0.73,-1.10,0.76,-0.41,24,0.79,3.85,1,MISS,-0.92
520,0.67,3.32,0.61,0.03,39.98,0.95,7.28,8,MISS,1.00
558,0.10,2.16,0.65,-0.68,68.48,0.95,7.70,8,MISS,0.81
591,0.10,1.28,0.68,0.76,71.67,0.85,7.90,19,MISS,0.32
572,0.11,-0.77,0.82,0.79,38.76,0.69,1.85,2,HIT,0.29
562,0.16,0.53,0.65,0.31,31.45,0.89,2.44,0,HIT,-0.32
557,0.15,-3.19,0.65,0.12,49.09,0.78,7.34,10,MISS,-0.67
521,0.19,0.92,0.57,-0.48,10.98,0.91,3.89,4,MISS,0.89
521,0.20,2.87,0.56,-0.51,71.93,0.96,7.47,18,MISS,0.07
556,0.20,1.52,0.75,0.89,65.78,0.91,3.70,0,MISS,-0.68
549,0.19,-0.77,0.76,0.09,55.81,0.75,3.93,0,MISS,0.58
544,0.18,-0.78,0.78,-0.66,47.54,0.61,2.90,0,MISS,0.41
516,0.10,-5.15,0.64,0.41,65.64,0.61,6.12,2,HIT,-0.61
526,0.10,0.08,0.59,0.46,6.63,0.92,4.50,4,MISS,0.58
540,0.10,-1.14,0.60,-0.53,71.44,0.96,7.92,15,HIT,0.16
332,1.99,5.19,0.53,0,35.43,0.88,6.09,8,MISS,0.84
368,1.99,2.47,0.61,0.34,56.89,0.92,7.61,11,BULLETHITBULLET,0.71
354,1.99,-0.40,0.59,0.80,71.81,0.93,8,25,MISS,-0.28
365,1.99,4.88,0.61,-0.06,43.83,0.89,6.34,9,MISS,-0.65
388,1.99,-0.53,0.71,0.14,8.11,0.90,4.97,5,MISS,0.95
368,1.99,-3.19,0.59,-0.60,71.81,0.94,7.34,21,MISS,0.36
348,1.63,0,0.76,0.36,35.95,0.79,0,2,MISS,-0.52
364,0.86,-0.56,0.65,-0.07,9.89,0.88,3.96,16,HIT,0.30
378,0.41,0,0.73,0.48,51.89,0.79,0,0,MISS,0.26
380,0.48,1.26,0.72,0.39,50.92,0.86,2.72,0,MISS,-0.60
388,0.46,2.80,0.51,-0.33,43.91,0.84,7.49,10,MISS,0.43
416,0.45,0,0.68,0.23,19.98,0.80,0,4,MISS,-0.73
412,0.18,-4.06,0.56,-0.48,56.75,0.74,6.90,8,MISS,0.79
354,0.17,-1.98,0.71,0.48,54.92,0.66,2.25,1,MISS,0.55
273,1.99,-4.96,0.55,0.52,54.97,0.49,3.38,0,MISS,-0.94
290,1.99,6.78,0.16,-0.38,56.35,0.81,4.24,11,BULLETHITBULLET,0.86
347,0.11,-1.35,0.68,0.30,32.97,0.55,1.47,2,MISS,-0.33
356,0.11,2.05,0.52,-0.10,20.66,0.94,6.17,6,MISS,-0.43
359,0.10,-1.95,0.57,0.04,14.86,0.75,5.68,6,MISS,0.59
332,0.10,-1.29,0.66,0.41,38.80,0.62,1.53,2,MISS,0.50
283,1.99,-2.34,0.70,0.51,48.95,0.53,1.88,1,MISS,-0.93
351,0.10,2.58,0.42,-0.37,56.82,0.96,7.57,11,MISS,1.00
375,0.10,0.94,0.51,-0.89,71.70,0.97,7.94,22,MISS,0.64
409,0.10,0.40,0.72,0.62,59.96,0.85,1.96,0,MISS,0.00
405,0.10,0,0.78,0.02,2,0.78,0,7,MISS,-0.50
419,0.10,1.78,0.70,-0.10,9,0.91,3.58,4,HIT,0.45
437,0.10,2,0.57,0.45,70.77,0.90,7.75,15,MISS,0.16
417,0.10,0,0.75,0.52,2,0.78,0,7,HIT,-0.20
405,0.10,0,0.71,-0.18,22.38,0.78,0,1,MISS,0.74
416,0.10,1.69,0.55,0.29,47.45,0.94,7.82,9,MISS,0.40
435,0.10,0,0.81,0.40,43.95,0.73,0,1,HIT,0.30
456,0.10,1.55,0.74,0.05,7.20,0.91,3.28,3,BULLETHITBULLET,0.44
457,0.10,0.15,0.80,0.28,28.94,0.87,1.49,1,MISS,0.81
429,0.10,-0.42,0.53,0.51,69.91,0.93,7.99,14,MISS,0.64
441,1.99,1.23,0.62,0,71.53,0.92,7.91,26,MISS,-0.93
471,1.99,1.58,0.67,-0.19,50.97,0.87,7.84,10,MISS,1.00
492,1.99,-0.02,0.70,-0.89,71.73,0.93,8,25,HIT,0.31
498,1.99,-0.38,0.69,0.94,71.96,0.92,8,39,MISS,-0.16
522,1.99,1.90,0.69,0.32,43.98,0.93,7.77,9,MISS,-0.43
535,1.99,0,0.85,-0.21,1,0.80,0,2,MISS,0.27
521,1.99,0.15,0.71,-0.26,67.47,0.87,8,13,MISS,-0.65
534,1.99,-1.14,0.77,0.41,6.05,0.90,2.23,2,MISS,0.76
510,1.99,-2.61,0.70,-0.32,71.52,0.93,7.56,16,HIT,0.30
511,1.99,3.15,0.75,0.34,13.69,0.89,3.64,5,MISS,-0.45
524,1.99,-1.06,0.78,0.08,7.23,0.84,4.89,5,MISS,0.17
500,1.99,-1.53,0.68,-0.35,71.93,0.72,7.85,19,MISS,-0.23
510,1.99,0.80,0.63,0.44,26,0.92,6.95,7,MISS,0.16
516,1.99,-0.08,0.80,-0.32,0.56,0.85,3,6,MISS,-0.10
513,1.99,0.04,0.81,0.16,12,0.78,2,0,MISS,-0.73
511,1.99,1.54,0.69,0.02,28,0.92,6.83,15,MISS,0.41
493,1.99,3.19,0.59,-0.51,65.93,0.92,7.34,9,MISS,0.07
518,1.99,0,0.75,0.56,19.99,0.84,0,4,MISS,-0.56
521,1.99,-0.06,0.80,0.05,21.97,0.90,3,3,MISS,-0.94
501,1.99,1.12,0.68,-0.47,61.88,0.92,7.92,12,MISS,0.83
552,1.99,3.45,0.72,-0.88,71.98,0.75,7.22,17,MISS,0.47
596,1.99,0,0.71,0.32,19.88,0.76,0,1,HIT,-0.50
612,1.99,-0.88,0.62,0.44,35.95,0.86,6.94,6,MISS,0.86
607,1.99,-0.33,0.70,-0.50,41.99,0.87,1.97,1,MISS,0.88
614,1.99,-0.04,0.67,0.61,71.95,0.82,8,15,MISS,0.68
623,1.99,-0.03,0.74,0.67,71.91,0.64,8,29,MISS,0.13
624,1.99,-1.23,0.83,0.60,24.70,0.55,2.74,3,BULLETHITBULLET,0.67
619,1.99,-0.77,0.50,0.26,36.68,0.92,4.43,1,MISS,0.75
622,1.99,-0.21,0.63,0.25,32.93,0.81,1.99,2,MISS,0.63
626,1.67,-0.11,0.72,0.54,71.97,0.84,8,16,MISS,0.46
620,1.28,0.07,0.83,0.62,51.93,0.83,3,0,MISS,0.32
619,0.89,0,0.85,0.63,0,0.79,0,11,MISS,0.30
626,0.51,-0.94,0.81,0.20,45,0.74,2.85,1,MISS,-0.17
602,0.12,0.75,0.57,0.30,5.58,0.93,4.44,4,HIT,0.44
425,1.99,1.54,0.61,0,71.48,0.93,7.85,29,MISS,-0.97
453,1.99,0.24,0.67,-0.25,56.77,0.93,8,11,MISS,0.97
477,1.99,0.75,0.69,0.53,71.93,0.91,7.96,28,MISS,0.64
513,1.99,-0.34,0.81,0.44,1.33,0.73,2.73,3,MISS,-0.48
519,1.99,0.18,0.61,0.09,35.99,0.94,8,8,MISS,0.30
516,1.99,-2.72,0.69,-0.36,71.69,0.92,7.52,22,MISS,-0.21
556,1.99,0,0.85,0.30,36,0.82,0,0,MISS,0.63
597,1.99,1.74,0.74,0.09,23.99,0.90,2.44,2,MISS,0.10
622,1.99,0.87,0.64,0.47,71.92,0.93,7.95,17,MISS,-0.60
630,1.99,-0.80,0.77,0.40,15,0.79,5.44,5,HIT,0.68
576,1.99,-4.47,0.67,-0.40,71.88,0.69,6.64,21,HIT,0.26
482,1.99,-5.74,0.70,0.70,43.99,0.62,5.57,9,HIT,-0.21
485,1.99,0.92,0.53,0.18,44.69,0.90,3.89,0,MISS,-0.43
514,1.99,0,0.72,-0.16,0,0.83,0,12,MISS,-0.86
513,1.99,-2.06,0.69,-0.34,61.98,0.90,7.73,28,MISS,0.81
490,1.99,-1.37,0.70,-0.80,71.97,0.83,7.88,42,MISS,0.51
474,1.99,-0.28,0.78,0.68,39,0.64,1.98,2,MISS,-0.12
443,1.76,1.12,0.59,-0.03,53.92,0.94,7.92,9,MISS,0.15
476,1.76,-0.04,0.72,-0.42,9,0.90,3,3,MISS,0.38
522,1.76,0.56,0.69,0.59,50.98,0.93,7.98,10,BULLETHITBULLET,0.97
491,1.76,0,0.73,0.14,3,0.84,0,3,MISS,0.78
525,0.38,1.12,0.63,0,71.59,0.94,7.92,17,MISS,-0.28
549,0.37,-0.95,0.67,-0.17,44,0.94,7.94,9,MISS,-0.54
572,0.36,0.98,0.77,-0.30,0.34,0.90,1.74,2,MISS,0.51
602,0.10,1.45,0.60,-0.32,65.23,0.95,7.87,13,MISS,0.09
609,0.10,0,0.83,0.46,20,0.73,0,4,BULLETHITBULLET,0.26
607,0.10,-0.06,0.83,0.20,11,0.75,1,2,MISS,-0.16
559,1.27,-1.08,0.82,0.30,47.97,0.69,1.68,0,MISS,-0.60
570,1.40,1.50,0.55,-0.06,61.97,0.95,7.86,12,HIT,0.31
565,1.48,-0.44,0.80,0.28,19,0.89,1.95,4,MISS,-0.65
567,1.40,-2.12,0.69,-0.53,71.54,0.84,7.71,21,BULLETHITBULLET,0.29
558,1.40,0.95,0.70,-0.11,36,0.92,7.94,8,MISS,0.11
538,1.40,1.60,0.58,0.38,26.08,0.95,6.81,7,MISS,1.00
568,1.18,-0.46,0.69,0.73,71.94,0.91,7.99,33,BULLETHITBULLET,0.43
566,1.35,0.81,0.64,0.37,71.90,0.94,7.96,20,MISS,0.63
576,1.04,0,0.74,0.67,43.98,0.86,0,1,MISS,0.43
593,0.93,0.86,0.70,0.30,65.96,0.91,7.95,13,MISS,-0.28
600,0.84,-0.33,0.76,0.51,10,0.93,3.99,4,MISS,0.09
593,0.76,1.41,0.69,-0.24,71.96,0.85,7.88,17,MISS,-0.79
586,0.37,-2.93,0.66,0.22,49.23,0.90,7.44,10,MISS,0.68
559,0.37,-2.03,0.66,-0.60,65.94,0.81,7.74,9,MISS,0.49
560,0.37,0,0.83,0.64,48.94,0.68,0,0,MISS,0.12
576,0.37,0,0.84,0.44,14.98,0.71,0,2,MISS,-0.18
551,0.37,0.10,0.63,0.17,4.28,0.90,2,2,HIT,0.31
435,1.99,2.62,0.62,0,35.95,0.92,7.56,8,MISS,0.10
470,1.99,0.69,0.79,-0.22,49.96,0.70,1.88,0,MISS,-0.28
476,1.99,0,0.84,-0.28,42.97,0.77,0,1,HIT,-0.45
481,1.99,-0.21,0.75,0,0.52,0.87,1.74,2,BULLETHITBULLET,0.77
482,1.99,-0.25,0.68,-0.38,71.63,0.93,8,16,MISS,-0.39
556,1.99,4.94,0.72,-0.23,59.93,0.90,6.30,4,MISS,-0.78
573,1.99,-2.69,0.71,-0.15,61.96,0.91,7.53,13,MISS,0.96
546,1.99,-1.89,0.70,-0.61,71.99,0.88,7.77,27,MISS,0.63
534,1.99,0.37,0.71,0.73,72,0.69,8,41,MISS,0.29
565,1.99,0,0.62,0.63,19.92,0.85,0,4,MISS,0.31
561,1.99,0,0.60,0.30,0,0.85,0,18,MISS,0.45
571,1.99,-2.31,0.63,0.10,27.77,0.93,6.61,14,HIT,0.30
551,1.76,-0.58,0.79,0.44,35.98,0.91,2.94,0,MISS,-0.45
597,1.99,1.97,0.63,-0.17,43.99,0.90,7.75,26,MISS,0.07
609,1.99,0.40,0.63,-0.54,55.79,0.84,8,5,MISS,-0.74
546,1.09,-0.44,0.60,0.28,50.89,0.94,7.99,10,MISS,0.91
530,1.02,1.42,0.67,-0.67,65.99,0.95,7.87,9,MISS,0.70
582,0.96,0.40,0.80,0.35,17.92,0.91,1.96,2,MISS,0.94
621,0.10,1.98,0.61,0.40,68.93,0.95,7.75,3,MISS,0.53
621,0.10,-0.01,0.63,0.73,71.88,0.95,8,14,HIT,0.10
621,0.10,-0.33,0.82,0.58,33,0.74,1.97,2,MISS,-0.21
593,0.45,-0.85,0.82,0.18,2.70,0.75,2.35,2,MISS,-0.84
583,0.45,1.10,0.68,-0.15,46.49,0.93,3.85,0,MISS,0.85
612,0.10,2.93,0.65,-0.54,65.90,0.95,7.44,11,MISS,0.64
652,0.10,2.65,0.64,0.64,71.91,0.88,7.55,22,MISS,0.59
643,0.10,0.23,0.81,0.55,34,0.77,3,3,MISS,0.66
608,0.10,-2.56,0.68,0.39,30.98,0.69,7.05,7,MISS,0.74
556,0.17,-4.81,0.70,0.47,47.84,0.57,5.09,4,HIT,0.51
477,0.17,-1.67,0.76,0.74,58.96,0.40,1.10,0,MISS,-0.20
463,0.17,-0.80,0.82,0.22,33,0.45,0.60,0,MISS,-0.19
493,0.17,0.27,0.52,-0.19,47.63,0.93,4,0,HIT,-0.39
510,0.17,-2.63,0.71,-0.16,23.49,0.80,5.94,6,MISS,0.03
520,0.17,0,0.82,0.04,0.50,0.74,0,7,MISS,0.20
524,0.17,0,0.80,0.04,0,0.74,0,18,MISS,0.41
517,0.17,-1.04,0.77,0.19,35.81,0.84,2.82,0,MISS,0.34
480,0.16,-3.02,0.66,0.32,20.91,0.81,5.18,9,MISS,-0.20
410,0.16,1.52,0.51,0.37,10.70,0.92,3.70,4,MISS,0.89
425,0.10,1,0.54,0.38,58.96,0.85,1.73,0,MISS,0.74
472,0.10,2.11,0.51,0.77,65.89,0.96,7.72,11,BULLETHITBULLET,0.61
514,0.10,1.90,0.77,0.27,6.10,0.87,2.94,3,MISS,1.00
540,0.10,0.02,0.64,0.41,68.85,0.89,8,14,MISS,1.00
504,0.10,-0.95,0.61,0.59,71.97,0.91,7.94,40,BULLETHITBULLET,0.09
524,0.10,-1.54,0.62,0.86,71.85,0.93,7.85,25,MISS,0.78
515,0.10,0.08,0.78,0,0.56,0.86,1.25,1,MISS,-0.35
527,0.10,1.46,0.62,-0.24,42.98,0.81,7.87,9,MISS,0.38
547,0.10,-0.83,0.64,-0.39,9.94,0.93,3.91,4,MISS,-0.66
536,0.10,-2.26,0.67,0.27,30.78,0.73,7.15,7,MISS,0.12
491,0.10,0.89,0.45,0.12,44.93,0.90,1.79,0,MISS,0.26
492,0.10,-1.57,0.65,0.01,1.12,0.58,3.68,4,MISS,-0.94
498,0.10,0.01,0.56,0.18,39.56,0.96,8,8,MISS,0.80
497,0.10,-0.10,0.62,-0.84,68.93,0.95,8,10,MISS,0.34
510,0.10,0.40,0.77,0.38,38.96,0.87,1.96,2,MISS,-0.64
501,0.14,1.70,0.68,-0.05,20.66,0.94,6.27,6,HIT,0.44
533,0.18,1.78,0.64,-0.24,41.98,0.95,7.80,9,BULLETHITBULLET,0.63
527,0.18,1.31,0.75,-0.63,65.95,0.84,3.78,0,HIT,-0.39
525,0.17,0,0.83,0.48,0,0.79,0,9,MISS,-0.86
533,0.19,-1.89,0.64,-0.68,71.34,0.96,7.77,20,MISS,-0.72
528,0.19,1.53,0.74,0.09,3.47,0.94,4.76,5,BULLETHITBULLET,0.44
584,0.18,3.46,0.62,-0.50,71.90,0.95,7.21,17,MISS,0.15
644,0.10,1.73,0.57,0.41,71.13,0.95,7.81,30,MISS,-0.62
635,0.10,-4.08,0.70,0.28,43.95,0.79,6.88,9,MISS,0.42
604,0.10,-1.67,0.79,-0.52,16,0.78,3.08,3,HIT,-0.23
587,0.10,0,0.72,0.42,34,0.83,0,2,MISS,0.69
593,0.10,0.47,0.56,-0.03,43.45,0.97,7.99,14,MISS,0.80
592,0.10,-0.65,0.67,0.42,26.88,0.96,4.96,5,MISS,0.71
546,0.10,-2.28,0.63,0.57,71.91,0.95,7.67,17,HIT,0.09
555,1.99,0,0.83,0,0,0.70,0,30,MISS,-0.55
549,1.99,-1.53,0.69,-0.30,68.98,0.92,7.85,45,BULLETHITBULLET,0.58
596,1.99,-0.49,0.84,0.05,4.64,0.74,1.28,1,MISS,0.20
587,1.99,0,0.78,0.10,0.81,0.84,0,7,MISS,-0.11
551,1.99,-1.61,0.72,0.17,62,0.92,7.84,21,HIT,-0.23
560,1.99,0,0.80,-0.16,30.98,0.86,0,1,MISS,0.31
533,1.99,0.02,0.76,-0.11,27,0.91,6,6,MISS,0.87
528,1.99,-0.45,0.70,0.35,43.97,0.92,7.99,9,HIT,0.30
540,1.99,-1.43,0.71,0.74,71.98,0.78,7.87,23,MISS,-0.62
528,1.99,1.44,0.61,-0.31,71.37,0.92,7.87,10,MISS,0.86
528,1.99,-0.61,0.69,0.79,71.93,0.92,7.98,27,MISS,0.50
462,1.99,-1.43,0.74,0.79,24,0.90,4.79,3,MISS,0.27
452,1.99,1.10,0.76,0.13,15,0.91,4.88,8,MISS,-0.48
508,1.99,2.82,0.70,-0.16,53.96,0.89,7.49,10,MISS,-0.20
555,1.99,-0.44,0.76,0.21,19.48,0.83,2.46,2,MISS,0.52
541,1.99,-1.37,0.79,-0.19,65.95,0.71,3.76,0,MISS,0.18
531,1.76,0,0.61,0.50,1,0.85,0,7,HIT,0.46
525,1.76,-0.43,0.83,0.26,19.95,0.56,0.90,0,MISS,-1.00
549,1.76,1.49,0.63,0.27,71.27,0.93,7.86,15,MISS,0.65
572,1.76,1.13,0.71,-0.80,71.93,0.90,7.92,29,HIT,0.30
515,1.99,0,0.82,0.28,18,0.68,0,2,MISS,0.78
460,1.99,-4.15,0.66,0.35,63.52,0.67,6.84,10,MISS,0.98
364,1.99,-5.75,0.58,0.51,71.90,0.61,5.57,24,MISS,0.70
262,1.99,-1.40,0.67,0.69,59.98,0.56,1.42,0,BULLETHITBULLET,-0.88
364,1.40,3.50,0.49,0,67.35,0.92,7.20,13,MISS,-0.59
405,1.40,-1.11,0.60,-0.23,50.96,0.93,7.92,10,MISS,-0.24
443,1.99,-1,0.65,-0.06,47.47,0.91,7.94,9,MISS,-0.64
479,1.99,2.64,0.72,0,27.97,0.89,6.48,8,MISS,0.66
536,1.79,3.37,0.63,-0.53,47.97,0.85,7.25,5,MISS,0.30
533,0.70,-1.37,0.72,0.61,55.13,0.75,3.76,0,MISS,-0.18
507,0.64,0,0.84,0.34,11.84,0.59,0,3,MISS,-0.20
498,0.59,1.19,0.50,0,15,0.91,4.86,15,BULLETHITBULLET,0.38
514,0.55,-0.48,0.81,-0.22,2.02,0.69,1.94,2,MISS,0.15
532,0.51,0,0.82,0.02,0,0.67,0,9,BULLETHITBULLET,-0.20
535,0.48,0,0.82,0.12,12.98,0.68,0,3,MISS,0.86
546,0.45,-2.19,0.63,0.36,41.82,0.82,7.69,6,MISS,0.52
540,0.42,-0.93,0.73,0.51,65.93,0.90,3.89,0,BULLETHITBULLET,-0.40
535,0.10,0,0.84,0.52,0,0.78,0,9,MISS,-0.87
538,0.10,0.48,0.60,-0.29,50.98,0.89,7.99,22,MISS,1.00
538,0.10,-1.55,0.64,-0.74,71.55,0.88,7.85,33,MISS,0.79
526,0.10,-3.35,0.62,0.87,71.87,0.82,7.26,44,MISS,0.35
516,0.10,0,0.64,0.79,44,0.83,0,1,MISS,-0.27
518,0.10,0,0.54,0.35,0,0.82,0,12,MISS,-0.73
488,0.10,-4,0.71,-0.09,15,0.54,3,23,MISS,0.87
420,0.10,-6.23,0.57,-0.67,72,0.57,5.02,34,HIT,0.22
282,1.99,4.14,0.51,0,70.84,0.90,6.85,27,MISS,0.46
337,1.99,0,0.80,0.43,35.97,0.80,0,2,MISS,-0.72
366,1.99,1.51,0.61,-0.30,50.96,0.93,7.86,10,MISS,0.24
391,1.99,0,0.79,0.36,35.98,0.79,0,2,MISS,0.37
432,1.99,1.50,0.74,0.18,20.97,0.91,3.71,4,HIT,-0.22
483,1.99,-0.61,0.79,0.13,2.60,0.90,3.45,3,HIT,0.71
480,1.99,-0.26,0.69,0.38,68.64,0.83,8,4,MISS,0.12
509,1.99,0.10,0.84,0.42,11.97,0.70,1,0,MISS,-0.36
523,1.99,-1.50,0.75,0.14,58.43,0.91,4.77,1,MISS,0.10
539,1.99,0,0.84,-0.40,2,0.81,0,7,MISS,-0.11
568,1.99,0,0.85,0.07,11,0.74,0,4,MISS,-0.14
517,1.99,0,0.83,-0.10,6,0.83,0,6,MISS,-0.47
401,1.99,2.76,0.51,-0.54,10.44,0.86,2.90,4,MISS,0.47
455,1.99,5.62,0.58,-0.09,61.76,0.89,5.69,10,BULLETHITBULLET,0.31
489,1.99,0,0.71,0.47,6,0.82,0,6,HIT,-0.12
479,1.99,0,0.73,0.15,0,0.83,0,20,MISS,-0.35
501,1.99,0.54,0.83,-0.11,35.99,0.70,0.84,0,MISS,0.29
502,1.99,1.27,0.68,-0.29,43.98,0.64,7.90,13,MISS,0.40
500,1.99,0,0.57,0.25,0,0.83,0,10,MISS,-0.28
471,1.99,-5.23,0.68,0.28,43.84,0.52,6.05,9,MISS,-0.63
491,1.99,0.47,0.53,-0.08,43.68,0.93,7.99,14,HIT,0.82
505,1.99,0,0.82,0.45,43.97,0.85,0,1,MISS,0.37
513,1.99,-2.52,0.69,0.75,68.89,0.92,7.59,15,MISS,-0.39
511,1.99,0,0.84,0.43,0,0.82,0,8,MISS,-0.50
548,1.81,0,0.84,-0.42,2,0.75,0,7,BULLETHITBULLET,-0.13
525,1.99,-0.21,0.68,-0.23,66.86,0.93,8,13,MISS,0.40
560,1.42,0.29,0.74,0.38,55.99,0.92,3.99,0,MISS,-0.82
556,1.03,-0.47,0.67,-0.25,56.80,0.88,7.99,11,MISS,1.00
521,0.65,-0.69,0.64,0.56,71.87,0.94,7.97,28,HIT,0.09
285,1.99,5.72,0.51,0,71.88,0.89,5.59,27,MISS,0.75
416,1.99,1.91,0.65,0.36,25.95,0.91,6.73,7,BULLETHITBULLET,0.04
422,1.99,0,0.83,0.18,3,0.76,0,6,MISS,-0.58
418,1.99,3.70,0.57,-0.07,31,0.90,6.52,7,MISS,1.00
482,1.99,4.64,0.65,0.45,71.87,0.88,6.52,22,MISS,0.88
535,1.99,2.91,0.71,0.86,71.87,0.80,7.45,36,MISS,0.81
523,1.99,-1.80,0.78,0.72,46.86,0.66,4.66,3,MISS,0.86
431,1.99,-6.25,0.66,0.71,61.88,0.50,5,8,MISS,0.76
335,1.99,-7.40,0.59,0.80,61.92,0.35,3.03,9,MISS,0.11
342,1.61,4.93,0.34,0.36,46.89,0.91,6.30,7,MISS,0.30
387,1.48,-1.62,0.74,0.36,22,0.61,2.53,3,MISS,-0.22
393,0.77,3.22,0.52,-0.08,27.97,0.91,6.21,8,MISS,0.35
396,0.73,-1.28,0.77,0.06,6,0.70,2.15,0,MISS,-0.50
427,0.33,1.97,0.69,-0.35,54.66,0.89,3.48,0,MISS,-0.20
431,0.32,0.54,0.76,0.10,2.62,0.85,2.44,2,HIT,0.32
452,0.31,0.27,0.75,0.26,36.82,0.75,1.98,2,MISS,-0.29
454,0.33,0,0.66,0.18,14.90,0.79,0,1,MISS,1.00
472,0.32,1.04,0.58,-0.20,56.93,0.94,7.93,12,HIT,0.63
489,0.31,2.13,0.60,0.87,65.91,0.94,7.71,9,MISS,-0.25
489,0.31,-0.11,0.79,0.54,1.95,0.86,1.50,1,MISS,-0.45
518,0.32,1.91,0.75,-0.24,52.20,0.91,3.51,0,MISS,0.50
518,0.12,0,0.79,-0.45,21.98,0.83,0,0,MISS,-0.67
503,0.11,-1.19,0.61,0.40,56.80,0.78,7.91,11,MISS,0.61
466,0.11,-1.79,0.77,0.34,31.42,0.46,1.74,0,MISS,-0.11
407,0.11,-1.76,0.75,0.47,55.35,0.37,0.94,0,MISS,-1.00
421,0.10,3.65,0.42,-0.05,50.46,0.92,7.12,10,MISS,1.00
449,0.10,1.88,0.55,-0.92,71.80,0.93,7.78,21,MISS,0.86
460,0.10,1.28,0.58,0.98,71.86,0.95,7.90,32,BULLETHITBULLET,0.70
437,0.10,0,0.81,0.86,43.97,0.81,0,1,HIT,0.26
419,0.10,0,0.80,0,0,0.80,0,12,MISS,0.81
409,0.10,-0.21,0.72,0.30,38.97,0.79,1.99,0,MISS,0.67
421,0.10,-1.81,0.55,0.53,64.82,0.80,7.79,11,HIT,0.32
412,0.10,-0.36,0.72,0.16,8.91,0.73,1.97,6,HIT,-0.25
381,0.10,3.14,0.49,-0.02,6,0.90,3.89,5,MISS,-0.11
390,0.10,-2.07,0.65,0.19,22.05,0.57,2.17,3,MISS,0.70
330,0.10,-7.18,0.17,0.44,50.89,0.38,3.53,5,HIT,0.38
302,1.99,0,0.76,0.28,20,0.35,0,4,HIT,-0.54
335,0.10,3.82,0.30,-0.35,59.32,0.91,7.03,11,MISS,0.08
355,0.10,0,0.78,0.16,8.83,0.66,0,0,MISS,-0.24
383,0.10,1.57,0.59,-0.02,6.17,0.90,4.75,5,HIT,0.44
408,0.10,1.52,0.67,0.28,20.91,0.87,3.70,4,MISS,-0.76
404,0.10,0.89,0.66,-0.10,14.06,0.87,4.92,7,MISS,1.00
370,0.10,-3.83,0.32,0.57,70.96,0.81,7.02,18,MISS,0.73
279,1.99,-5.66,0.49,0.65,71.88,0.66,5.65,29,MISS,-0.29
458,1.99,0.43,0.14,0,3,0.87,1.95,26,MISS,0.86
471,1.99,1.18,0.51,0.38,71.93,0.92,7.91,40,MISS,0.50
502,1.99,-0.71,0.68,0.81,71.93,0.92,7.97,54,MISS,-0.34
537,1.99,0.10,0.80,0.08,22.75,0.79,0.23,0,MISS,0.96
599,1.99,3.60,0.73,0.34,71.19,0.76,7.14,15,MISS,0.89
624,1.99,-2.52,0.74,0.76,70.84,0.62,7.59,30,MISS,0.06
571,1.99,-6.56,0.73,0.76,71.90,0.48,4.57,44,MISS,-0.40
567,1.99,3.74,0.28,0.22,61.89,0.91,7.07,12,MISS,0.23
593,1.99,0,0.85,-0.40,11.97,0.44,0,5,MISS,0.17
600,1.99,-0.34,0.49,0.19,6,0.89,2.98,19,MISS,0.04
616,1.99,1.09,0.80,-0.04,22.47,0.61,5.39,5,MISS,-0.37
609,1.99,0,0.85,-0.20,6,0.51,0,6,MISS,-0.62
597,1.99,0.04,0.52,-0.02,28,0.88,1.50,1,MISS,0.38
629,1.99,2.19,0.64,-0.50,71.94,0.86,7.70,17,MISS,-0.17
633,0.10,0,0.83,0.44,2,0.86,0,7,MISS,0.34
616,0.10,0.69,0.83,0.04,14.49,0.88,2.40,2,MISS,0.62
646,0.10,-0.83,0.77,0.23,18,0.89,1.82,2,MISS,-0.13
653,0.10,1.16,0.70,0.49,56.98,0.78,7.92,11,MISS,-0.62
636,0.10,0.18,0.60,-0.44,7.31,0.94,4,4,MISS,0.74
638,0.10,0.59,0.65,-0.28,68.96,0.96,7.98,3,MISS,0.61
648,0.10,0.77,0.68,0.69,71.95,0.85,7.96,14,MISS,0.14
648,0.10,-0.45,0.81,0.41,7,0.81,2.97,4,MISS,0.13
643,0.10,0,0.67,0.30,41,0.85,0,1,MISS,-0.16
654,0.10,0.55,0.74,0.04,35.95,0.93,2.95,2,MISS,-0.39
644,0.10,-0.29,0.68,0.03,36,0.73,8,10,HIT,0.34
653,0.10,0,0.62,-0.35,11.96,0.86,0,5,MISS,0.17
664,0.10,-0.51,0.82,0.24,9,0.66,1.93,2,MISS,-0.62
671,0.10,-0.66,0.64,-0.07,8.74,0.95,4.45,4,MISS,0.30
670,0.10,-2.21,0.68,-0.33,62.47,0.93,7.69,4,MISS,-0.39
650,0.10,0,0.84,0.53,51.98,0.82,0,0,MISS,-0.86
551,0.17,-2.45,0.76,0.60,49.97,0.57,3.16,2,BULLETHITBULLET,-0.22
634,0.10,-1.24,0.69,-0.02,61.98,0.84,7.90,12,MISS,0.63
594,0.43,-1.85,0.77,-0.63,50.98,0.72,3.55,2,MISS,0.23
541,0.17,1.86,0.38,0.30,7.02,0.94,3.40,4,BULLETHITBULLET,0.44
534,0.16,0.73,0.55,0.09,13.71,0.92,3.93,4,MISS,1.00
537,0.16,0.46,0.63,0.47,70.93,0.95,7.99,15,HIT,0.96
536,0.16,0.07,0.64,0.81,71.92,0.95,8,26,HIT,0.09
503,0.16,-1.36,0.60,0.81,71.93,0.94,7.88,37,MISS,-0.20
485,0.16,3.02,0.58,0.30,36,0.96,7.41,8,MISS,-0.71
493,0.17,-1,0.76,-0.39,11.38,0.83,3.35,3,MISS,0.85
473,0.16,-1.76,0.60,-0.45,69.79,0.76,7.80,14,MISS,0.44
446,0.16,0,0.78,0.41,35.75,0.48,0,2,BULLETHITBULLET,-0.19
466,0.16,-0.87,0.70,0.12,10.85,0.65,3.90,4,BULLETHITBULLET,-0.23
487,0.16,1.46,0.52,-0.15,47.41,0.97,7.87,9,MISS,0.69
485,0.15,0,0.80,0.33,43.98,0.73,0,1,MISS,-0.56
515,0.15,2,0.73,-0.41,59.94,0.93,4.58,1,HIT,-0.42
526,0.16,-0.02,0.83,-0.57,15.48,0.83,0.50,0,MISS,0.58
567,0.15,3.42,0.67,-0.22,59.45,0.86,7.23,11,MISS,0.53
587,0.17,0,0.85,0.50,18.95,0.77,0,3,HIT,0.24
604,0.10,-0.80,0.66,0.47,50.65,0.88,7.96,9,MISS,-0.42
580,0.49,-0.34,0.79,0,20.99,0.90,1.97,1,MISS,-0.14
540,0.63,1.04,0.74,0.24,12,0.93,4.89,5,MISS,0.68
562,0.78,-1.23,0.67,0.46,71.53,0.89,7.90,19,MISS,0.65
543,0.76,-0.20,0.83,0.62,6.98,0.77,0.98,6,MISS,0.98
486,0.70,-3.82,0.65,0.47,65.96,0.82,7.03,18,MISS,0.99
444,0.64,-3.26,0.59,0.86,71.97,0.88,7.31,30,MISS,0.36
422,0.59,-0.92,0.72,0.47,66,0.78,3.89,0,MISS,-0.79
460,0.10,0.30,0.64,-0.26,29.98,0.95,7,7,MISS,0.89
467,0.10,-0.64,0.56,0.48,71.89,0.94,7.97,18,MISS,0.38
476,0.10,-0.03,0.78,0.89,59.95,0.89,2,0,MISS,0.21
484,0.10,0,0.81,0.38,7,0.81,0,0,MISS,-0.86
471,0.10,-2.37,0.64,-0.27,38.99,0.93,5.51,4,MISS,0.94
436,0.10,-2.70,0.57,0.52,71.94,0.97,7.53,16,MISS,0.57
407,0.10,0.49,0.77,0.42,43,0.81,0.87,1,MISS,-0.62
395,0.10,-2.02,0.62,-0.55,63.92,0.77,5.65,0,MISS,-0.72
388,0.10,3.49,0.56,-0.10,19.82,0.91,4.88,7,MISS,0.31
422,0.10,0,0.79,0.40,40.96,0.79,0,1,MISS,-0.49
414,0.10,0.38,0.80,-0.09,12.22,0.80,1.06,1,MISS,0.69
452,0.10,4.75,0.59,0.37,53.81,0.84,6.44,5,MISS,0.18
453,0.10,0,0.54,0.30,18.70,0.82,0,2,MISS,0.64
468,0.10,1.04,0.63,0.18,20.92,0.91,3.86,4,MISS,0.77
489,0.10,0,0.76,0.42,59.91,0.86,2,0,MISS,0.25
532,0.10,3.34,0.70,0.31,15.16,0.92,4.98,6,MISS,-0.26
562,0.10,0,0.83,-0.30,47.48,0.78,0,0,MISS,-0.42
581,0.10,-0.22,0.85,-0.04,13.76,0.71,0.72,1,HIT,-0.27
563,0.10,2.21,0.51,-0.30,51.73,0.94,7.69,10,MISS,-0.49
544,0.10,-1.75,0.77,-0.42,14,0.64,3.03,3,MISS,0.69
472,0.10,-5.89,0.59,-0.37,71.32,0.57,5.41,15,HIT,0.11
469,0.10,-0.20,0.79,0.68,13.78,0.57,0.98,1,BULLETHITBULLET,-0.20
339,1.99,1.02,0.67,0,7.77,0.90,3.87,5,MISS,-0.45
378,1.99,2.34,0.63,-0.31,53.77,0.74,7.65,10,MISS,0.15
382,1.99,0,0.58,0.15,12,0.81,0,1,MISS,0.15
405,1.99,0.74,0.59,0.01,3,0.88,1.86,15,MISS,-0.31
420,1.99,0.13,0.80,0.13,5.03,0.71,1.49,1,MISS,0.66
381,1.99,-5.29,0.64,0.46,67.85,0.55,6,11,HIT,-0.23
388,1.99,4.28,0.44,0.07,35.97,0.89,6.76,8,BULLETHITBULLET,0.29
427,1.99,0.63,0.63,0.41,47.94,0.83,0.77,0,MISS,0.07
407,1.99,0,0.65,0.07,1,0.82,0,7,HIT,-0.11
412,1.99,0,0.66,0.07,0,0.82,0,21,MISS,-0.32
429,1.99,2.28,0.74,-0.02,5.60,0.72,3.28,4,MISS,0.73
463,1.99,-1.91,0.67,0.29,28.52,0.65,4.62,4,MISS,0.42
372,1.99,-6.29,0.62,0.50,68.84,0.50,4.94,6,MISS,-0.81
377,1.99,5.98,0.28,-0.17,50.93,0.87,5.31,3,MISS,1.00
441,1.99,1.91,0.57,0.42,71.79,0.92,7.77,17,MISS,0.46
446,1.76,-2.45,0.66,0.86,71.79,0.91,7.62,31,MISS,-0.49
458,1.07,4.56,0.68,0.58,15.15,0.90,3.90,6,MISS,0.61
487,0.95,-1.23,0.70,0.57,23.24,0.82,6.64,7,BULLETHITBULLET,0.70
530,1,3.17,0.67,-0.37,70.93,0.90,7.35,20,MISS,0.02
470,0.45,3.63,0.61,0.14,27.25,0.90,6.13,7,MISS,-0.04
491,0.44,-0.19,0.66,0.02,26.34,0.79,7,7,MISS,-0.63
476,0.42,2.33,0.66,0.06,10,0.87,3.25,8,MISS,0.93
493,0.41,2.48,0.63,-0.46,70.48,0.95,7.61,19,HIT,0.57
489,0.40,-0.23,0.75,0.90,64.92,0.89,4,0,MISS,-0.16
464,0.42,0,0.80,0.17,26,0.79,0,1,MISS,-0.53
486,0.41,2.97,0.56,-0.05,38.99,0.95,7.43,7,MISS,0.22
518,0.40,0,0.83,-0.53,30.98,0.83,0,1,MISS,-0.18
521,0.15,0.04,0.80,0.01,2.79,0.89,2.50,2,MISS,-0.34
519,0.15,-0.19,0.82,0.19,29,0.85,0.98,2,MISS,0.80
499,0.10,-2.49,0.62,-0.26,68.92,0.91,7.60,15,MISS,0.37
478,0.10,-1.24,0.73,0.79,50.70,0.78,3.80,0,MISS,0.10
325,1.99,2.84,0.57,0,71.99,0.91,7.48,25,MISS,-0.59
368,1.99,3.29,0.61,-0.17,43.46,0.90,7.29,9,MISS,-0.24
398,1.99,2.61,0.67,0.22,16.24,0.90,5.40,6,MISS,0.93
367,1.99,-1.61,0.60,0.54,46.97,0.93,7.84,7,HIT,0.26
309,1.99,0.62,0.79,0.44,43,0.79,0.78,1,HIT,0.45
389,1.99,2.80,0.61,0.38,59.26,0.92,7.49,4,MISS,0.46
423,1.99,2.59,0.65,0.25,43.96,0.92,7.57,8,MISS,-0.23
436,1.99,-0.46,0.66,0.10,35.79,0.94,7.99,8,MISS,0.69
421,1.99,-1.34,0.66,0.49,55.47,0.90,7.89,4,MISS,0.86
412,1.99,-0.63,0.77,0.37,45.88,0.75,2.93,0,MISS,0.68
381,1.99,-3.57,0.63,0.80,70.84,0.40,7.16,14,MISS,0.20
385,1.99,0,0.80,0.26,9,0.43,0,5,MISS,0.28
418,1.99,-0.30,0.79,-0.03,5.07,0.62,1.47,1,HIT,-0.21
395,1.99,0,0.80,0.27,27.48,0.63,0,3,BULLETHITBULLET,0.21
407,1.99,4.43,0.42,-0.15,67.35,0.91,6.66,13,MISS,0.40
463,1.99,1.95,0.62,0.38,65.41,0.90,3.49,0,MISS,-0.30
463,1.99,0,0.83,0.40,3,0.68,0,0,MISS,0.84
546,1.76,-0.25,0.69,0.69,70.84,0.67,8,12,BULLETHITBULLET,0.31
499,1.99,4.97,0.69,-0.18,39.88,0.68,6.27,8,HIT,0.83
521,1.99,-2.90,0.75,0,52,0.81,5.25,2,MISS,-0.99
523,1.99,0.50,0.61,-0.30,65.95,0.88,7.98,13,MISS,1.00
530,1.99,-2.02,0.70,-0.83,71.69,0.85,7.74,29,MISS,0.71
511,1.99,-3.76,0.70,0.86,71.97,0.80,7.06,43,MISS,0.54
484,1.99,-0.78,0.82,0.29,6.50,0.64,0.98,1,MISS,0.95
391,1.99,-5.86,0.62,0.41,71.24,0.62,5.45,15,MISS,0.53
402,1.99,0.88,0.60,0.34,60.63,0.91,7.95,12,MISS,-0.61
411,1.99,-2.41,0.69,0.07,26.05,0.87,6.57,7,HIT,0.79
393,1.99,-0.42,0.64,0.60,72,0.77,7.99,23,MISS,-0.17
421,0.99,-0.41,0.64,0.26,6.01,0.89,2.97,2,HIT,0.31
524,1.99,0.93,0.70,0,71.89,0.91,7.95,26,MISS,0.05
539,1.99,0.25,0.68,-0.21,61.96,0.92,8,12,MISS,-0.81
554,1.99,-1.48,0.71,-0.11,50.98,0.79,7.86,10,MISS,0.55
543,1.99,-3.44,0.71,-0.59,65.77,0.70,7.22,9,HIT,-0.23
516,1.99,0,0.51,0.59,11,0.76,0,2,MISS,0.57
536,1.99,1.47,0.51,-0.15,61.89,0.93,7.86,12,MISS,0.08
565,1.99,0,0.73,0.58,12,0.85,0,5,MISS,-0.63
593,1.99,0,0.76,0.11,26,0.86,0,1,MISS,-0.90
549,1.99,0.27,0.72,-0.48,70.15,0.92,8,20,MISS,0.73
540,1.99,-0.93,0.71,-0.72,71.91,0.93,7.95,34,MISS,0.34
531,1.99,0,0.80,0.73,44,0.83,0,1,MISS,0.16
544,1.99,0.22,0.78,0.35,3,0.87,1.99,16,MISS,-0.28
538,1.99,0.23,0.71,-0.04,57,0.86,8,11,BULLETHITBULLET,0.98
552,1.99,0,0.71,0.22,7,0.85,0,3,MISS,0.21
543,1.99,0,0.77,0.11,16,0.84,0,3,HIT,0.40
544,1.99,-0.46,0.77,0.16,14.99,0.89,2.96,1,MISS,0.07
573,1.76,2.61,0.69,0.23,35.99,0.94,7.56,13,MISS,-0.47
580,1.99,-1.46,0.71,0.24,15.01,0.88,5.82,6,MISS,0.10
550,1.76,-0.57,0.71,-0.33,65.99,0.80,7.98,9,MISS,-0.27
542,1.76,-1.37,0.71,0.37,14.99,0.92,4.81,8,MISS,0.25
518,1.76,0,0.85,-0.30,43.98,0.78,0,1,MISS,-0.01
522,1.76,0,0.84,0.25,4,0.83,0,6,MISS,0.40
527,1.75,0,0.83,-0.03,0,0.83,0,20,MISS,0.61
534,1.75,0.13,0.70,0.14,35.98,0.94,8,34,BULLETHITBULLET,0.30
551,1.99,0,0.85,0.61,48.98,0.79,0,0,MISS,-0.88
606,1.75,2.74,0.59,-0.34,68.34,0.93,7.52,3,MISS,1.00
608,1.75,1.82,0.57,-0.71,71.94,0.94,7.79,17,MISS,0.57
589,1.75,1.30,0.58,0.66,71.48,0.92,7.89,31,MISS,0.03
618,1.75,1.71,0.72,0.69,65.94,0.82,3.62,0,MISS,-0.78
614,1.40,0,0.84,0.24,39,0.70,0,0,MISS,0.66
575,1.40,-3.67,0.71,-0.45,65.96,0.58,7.11,13,MISS,0.15
519,1.37,-1.62,0.80,0.66,59.29,0.37,1.17,0,MISS,-0.55
524,1.19,-0.09,0.42,0.41,1,0.88,1,12,MISS,0.75
533,1.06,-0.77,0.58,-0.38,68.95,0.94,7.96,25,MISS,0.43
547,0.94,0,0.83,0.39,16,0.82,0,3,MISS,-0.15
554,0.85,0,0.83,-0.12,25.93,0.83,0,1,MISS,0.12
539,0.77,-0.89,0.74,-0.11,9,0.94,5.43,5,MISS,-0.15
541,0.70,1.32,0.73,0.06,22.56,0.91,6.56,7,MISS,-0.39
562,0.64,0,0.85,-0.17,1.69,0.82,0,7,MISS,-0.32
575,0.59,1.22,0.67,-0.23,56.85,0.94,7.91,19,MISS,0.22
566,0.55,0,0.83,-0.40,12,0.83,0,5,MISS,-0.44
551,0.42,-0.62,0.66,-0.11,45.74,0.91,7.98,9,MISS,0.59
546,0.42,-0.22,0.80,0.33,54.97,0.85,3,0,MISS,0.34
530,0.10,-0.71,0.68,0.44,23,0.85,5.90,6,MISS,0.52
538,0.10,0,0.80,0.28,12,0.82,0,5,MISS,-0.90
527,0.10,-0.22,0.62,0.40,38.98,0.95,8,7,MISS,0.95
523,0.12,-0.88,0.62,-0.81,71.94,0.95,7.95,20,HIT,0.09
500,1.99,0,0.61,0,0,0.76,0,14,MISS,0.75
511,1.99,-2.01,0.52,0.18,49.69,0.92,7.74,10,MISS,0.78
513,1.99,0.15,0.66,0.48,72,0.89,8,27,MISS,-0.16
562,1.99,1.74,0.67,0.06,59.49,0.85,7.81,11,BULLETHITBULLET,0.93
533,1.99,-0.07,0.80,0.75,34,0.74,3,3,MISS,-0.54
594,1.99,0.64,0.78,-0.48,20.97,0.80,2.93,1,MISS,0.13
615,1.99,-0.94,0.65,-0.03,20.54,0.86,6.43,6,MISS,-0.18
636,1.99,0,0.66,-0.09,0,0.80,0,9,MISS,-0.18
614,1.99,-1.22,0.82,-0.18,53.99,0.57,1.59,0,MISS,-0.34
614,1.99,0,0.52,-0.18,0,0.85,0,13,MISS,0.35
629,1.99,-0.16,0.55,-0.20,5.98,0.89,3,27,MISS,0.35
633,1.99,-1.53,0.75,0.32,9.97,0.73,2.58,3,BULLETHITBULLET,0.70
627,1.99,-1.45,0.71,0.33,59.99,0.78,3.73,0,MISS,0.22
634,1.99,-1.36,0.76,0.11,8.01,0.71,3.76,4,MISS,-0.51
636,1.99,0.54,0.63,0.01,26.96,0.89,6.98,7,MISS,0.38
644,1.99,1.09,0.73,-0.38,71.98,0.80,7.93,21,BULLETHITBULLET,0.64
616,1.99,-1.23,0.84,0.52,35.61,0.65,2.73,0,MISS,-0.09
612,0.10,1.04,0.69,0.39,43.87,0.94,3.73,0,MISS,-0.08
606,0.10,-1.09,0.80,-0.09,18.33,0.72,2.86,3,BULLETHITBULLET,-0.22
605,0.10,0,0.67,-0.07,0,0.84,0,8,MISS,0.62
609,0.10,1.32,0.66,0.09,21.97,0.97,5.85,6,MISS,0.69
604,1.76,0.09,0.77,0.26,53.97,0.81,7,1,BULLETHITBULLET,0.16
594,1.76,-1.76,0.70,0.53,71.86,0.84,7.80,18,MISS,0.29
612,1.76,0,0.85,0.32,0,0.80,0,9,MISS,0.12
578,1.76,-0.75,0.72,-0.20,49.16,0.87,7.96,8,MISS,-0.34
583,1.76,-0.64,0.72,-0.09,50.98,0.84,7.97,10,MISS,0.12
558,1.76,-0.71,0.81,-0.40,18,0.69,2.91,5,MISS,-0.47
584,1.76,0,0.85,0.16,7,0.76,0,2,MISS,-0.75
558,1.76,-2.36,0.70,-0.28,50.78,0.92,7.65,16,MISS,0.73
544,1.76,-0.27,0.72,-0.50,36,0.79,8,8,MISS,0.74
575,1.75,0.26,0.76,0.69,69.86,0.57,6,0,MISS,0.58
559,1.75,-4.69,0.71,0.67,61.67,0.60,6.48,10,MISS,0.45
515,1.75,-2.91,0.79,0.26,23,0.55,2.74,4,MISS,0.26
467,1.40,-2.50,0.78,0.20,27,0.46,1.66,3,MISS,0.39
449,1.40,0,0.29,0.23,0,0.81,0,10,MISS,-0.90
396,1.40,-7.14,0.60,-0.43,61.98,0.40,3.62,24,MISS,0.98
362,0.15,1.52,0.59,0.24,10,0.89,3.70,4,HIT,0.45
367,0.20,3.50,0.40,0.46,31,0.91,6.63,7,MISS,-0.49
372,0.54,1.63,0.57,0.08,3.15,0.93,4.73,5,MISS,1.00
392,0.10,3.34,0.41,0.60,71.82,0.94,7.27,18,MISS,0.32
440,0.10,-0.23,0.80,0.51,42.98,0.73,0.97,1,HIT,0.81
416,0.10,-3.43,0.52,0.47,61.76,0.81,7.23,12,MISS,0.63
355,0.10,0,0.54,0.44,43.96,0.77,0,1,MISS,-0.81
301,1.99,-5.62,0.54,-0.59,56.99,0.65,5.69,12,MISS,-0.92
347,0.10,3.41,0.36,-0.18,43.92,0.95,7.24,9,MISS,0.67
386,0.10,1.46,0.44,-0.82,71.72,0.94,7.87,20,MISS,-0.48
414,0.10,-0.61,0.55,-0.21,35.95,0.93,7.98,9,MISS,-0.88
414,0.10,2.82,0.50,-0.24,43.98,0.95,7.49,9,HIT,0.63
436,0.10,0,0.76,0.42,51.96,0.81,0,0,MISS,0.87
465,0.11,1.11,0.57,0.30,47.45,0.94,7.92,9,MISS,0.18
479,0.10,-0.03,0.73,0.86,65.90,0.93,4,0,MISS,-0.94
486,0.10,-0.36,0.59,-0.49,65.93,0.89,8,13,MISS,0.46
457,0.10,1.81,0.62,0.32,10,0.85,3.57,4,MISS,-0.44
460,0.10,0,0.66,-0.36,26.97,0.81,0,3,MISS,0.23
451,0.10,2.09,0.54,0,9.09,0.95,5.09,5,MISS,-0.19
450,0.10,-1.32,0.74,0.18,22.06,0.74,2.70,3,MISS,0.59
408,0.10,0,0.41,-0.20,48.82,0.75,0,0,MISS,-0.47
375,0.10,-6.47,0.49,-0.40,47.44,0.52,4.71,9,MISS,-0.93
381,0.10,2.16,0.40,-0.07,12.97,0.91,4.51,7,MISS,0.61
422,0.10,1.41,0.64,0,12.93,0.91,3.74,5,MISS,-0.60
464,0.10,-0.71,0.63,-0.40,42.30,0.84,6.96,5,MISS,-0.56
485,0.10,0.97,0.66,0.08,3.07,0.93,4.91,5,MISS,0.23
506,0.10,-0.32,0.73,-0.55,65.89,0.92,3.99,0,MISS,-0.62
509,0.10,1.17,0.72,0.29,32.82,0.91,3.82,2,MISS,0.67
521,0.10,-0.19,0.79,-0.63,58.58,0.85,2,0,BULLETHITBULLET,0.32
503,0.10,-1.80,0.61,0.56,43.95,0.89,7.79,9,MISS,-0.41
504,0.10,0.04,0.75,0.24,25,0.88,2,3,MISS,1.00
487,0.10,-1.49,0.59,-0.29,68.94,0.94,7.86,15,MISS,0.60
